{
    "accessory": 0.0,
    "also": 0.2097463291826245,
    "an": 0.08978429162845418,
    "and": 0.16945240288699465,
    "are": 0.0,
    "belt": 0.0,
    "block": 0.0,
    "chiffon": 0.0,
    "clothes": 0.0,
    "clothing": 0.37883059349264053,
    "color": 0.13190075214658886,
    "complicated": 0.2571862850558796,
    "cotton": 0.1297122146974446,
    "crew": 0.0,
    "cut": 0.0,
    "denim": 0.11091505458405812,
    "fabric": 0.16935232271700806,
    "female": 0.21427043912441454,
    "finger": 0.10357985911040568,
    "floral": 0.0,
    "furry": 0.0,
    "gentleman": 0.0,
    "glasses": 0.0,
    "graphic": 0.0,
    "guy": 0.0,
    "hands": 0.0,
    "has": 0.22328737058631476,
    "hat": 0.0,
    "head": 0.0,
    "her": 0.075665434080278,
    "his": 0.0,
    "in": 0.0,
    "is": 0.22846450235460158,
    "it": 0.16349390054663196,
    "its": 0.0,
    "knitting": 0.0,
    "lady": 0.10797357878774905,
    "lapel": 0.0,
    "lattice": 0.0,
    "leather": 0.0,
    "leggings": 0.0,
    "length": 0.11805846063685371,
    "long": 0.16459555840918758,
    "lower": 0.18833268945416798,
    "man": 0.0,
    "medium": 0.0,
    "mixed": 0.0,
    "neck": 0.0,
    "neckline": 0.06543316617342719,
    "neckwear": 0.15983059199359773,
    "no": 0.0,
    "of": 0.17364714852083235,
    "off": 0.0,
    "on": 0.0805332785855664,
    "or": 0.0,
    "other": 0.0,
    "outer": 0.14914653818624976,
    "pair": 0.0,
    "pants": 0.0,
    "pattern": 0.0,
    "patterns": 0.1694357187509566,
    "person": 0.0,
    "plaid": 0.0,
    "point": 0.0,
    "pure": 0.0,
    "quarter": 0.0,
    "ring": 0.0802275417358289,
    "round": 0.0,
    "shape": 0.18920162566015525,
    "shirt": 0.0,
    "shoes": 0.0,
    "short": 0.0,
    "shorts": 0.0,
    "skirt": 0.0,
    "sleeve": 0.0,
    "sleeveless": 0.0,
    "sleeves": 0.10138158703367782,
    "socks": 0.0,
    "solid": 0.1791080460190607,
    "square": 0.0,
    "stand": 0.0,
    "stripe": 0.0,
    "striped": 0.0,
    "sunglasses": 0.0,
    "suspenders": 0.0,
    "sweater": 0.0,
    "tank": 0.0,
    "the": 0.2258253315182813,
    "there": 0.0,
    "this": 0.2231956801007414,
    "three": 0.0,
    "top": 0.0,
    "trousers": 0.0,
    "upper": 0.18827523319044048,
    "waist": 0.0,
    "wearing": 0.09479564811008892,
    "wears": 0.0637130686259648,
    "with": 0.06119109067756806,
    "woman": 0.0,
    "wrist": 0.0
}